No,Tag,Description
1,11CEACIN01_01,#1 COMBUSTION PRESSURE FLUCTUATION LOW LOW
2,11CEACIN01_02,#2 COMBUSTION PRESSURE FLUCTUATION LOW LOW
3,11CEACIN01_03,#3 COMBUSTION PRESSURE FLUCTUATION LOW LOW
4,11CEACIN01_04,#4 COMBUSTION PRESSURE FLUCTUATION LOW LOW
5,11CEACIN01_09,#5 COMBUSTION PRESSURE FLUCTUATION LOW LOW
6,11CEACIN01_10,#6 COMBUSTION PRESSURE FLUCTUATION LOW LOW
7,11CEACIN01_11,#7 COMBUSTION PRESSURE FLUCTUATION LOW LOW
8,11CEACIN01_12,#8 COMBUSTION PRESSURE FLUCTUATION LOW LOW
9,11CEACIN02_01,#9 COMBUSTION PRESSURE FLUCTUATION LOW LOW
10,11CEACIN02_02,#10 COMBUSTION PRESSURE FLUCTUATION LOW LOW
11,11CEACIN02_03,#11 COMBUSTION PRESSURE FLUCTUATION LOW LOW
12,11CEACIN02_04,#12 COMBUSTION PRESSURE FLUCTUATION LOW LOW
13,11CEACIN02_09,#13 COMBUSTION PRESSURE FLUCTUATION LOW LOW
14,11CEACIN02_10,#14 COMBUSTION PRESSURE FLUCTUATION LOW LOW
15,11CEACIN02_11,#15 COMBUSTION PRESSURE FLUCTUATION LOW LOW
16,11CEACIN02_12,#16 COMBUSTION PRESSURE FLUCTUATION LOW LOW
17,11CEACIN11_01,#1COMBUSTION PRESSURE FLUCTUATION BAND-1
18,11CEACIN11_02,#2COMBUSTION PRESSURE FLUCTUATION BAND-1
19,11CEACIN11_03,#3COMBUSTION PRESSURE FLUCTUATION BAND-1
20,11CEACIN11_04,#4COMBUSTION PRESSURE FLUCTUATION BAND-1
21,11CEACIN11_09,#5COMBUSTION PRESSURE FLUCTUATION BAND-1
22,11CEACIN11_10,#6COMBUSTION PRESSURE FLUCTUATION BAND-1
23,11CEACIN11_11,#7COMBUSTION PRESSURE FLUCTUATION BAND-1
24,11CEACIN11_12,#8COMBUSTION PRESSURE FLUCTUATION BAND-1
25,11CEACIN12_01,#9COMBUSTION PRESSURE FLUCTUATION BAND-1
26,11CEACIN12_02,#10COMBUSTION PRESSURE FLUCTUATION BAND-1
27,11CEACIN12_03,#11COMBUSTION PRESSURE FLUCTUATION BAND-1
28,11CEACIN12_04,#12COMBUSTION PRESSURE FLUCTUATION BAND-1
29,11CEACIN12_09,#13COMBUSTION PRESSURE FLUCTUATION BAND-1
30,11CEACIN12_10,#14COMBUSTION PRESSURE FLUCTUATION BAND-1
31,11CEACIN12_11,#15COMBUSTION PRESSURE FLUCTUATION BAND-1
32,11CEACIN12_12,#16COMBUSTION PRESSURE FLUCTUATION BAND-1
33,11CEACIN14_01,1_COMBUSTION ACCELERATION BAND-1
34,11CEACIN14_02,2_COMBUSTION ACCELERATION BAND-1
35,11CEACIN14_03,3_COMBUSTION ACCELERATION BAND-1
36,11CEACIN14_04,4_COMBUSTION ACCELERATION BAND-1
37,11CEACIN21_01,#1COMBUSTION PRESSURE FLUCTUATION BAND-2
38,11CEACIN21_02,#2COMBUSTION PRESSURE FLUCTUATION BAND-2
39,11CEACIN21_03,#3COMBUSTION PRESSURE FLUCTUATION BAND-2
40,11CEACIN21_04,#4COMBUSTION PRESSURE FLUCTUATION BAND-2
41,11CEACIN21_09,#5COMBUSTION PRESSURE FLUCTUATION BAND-2
42,11CEACIN21_10,#6COMBUSTION PRESSURE FLUCTUATION BAND-2
43,11CEACIN21_11,#7COMBUSTION PRESSURE FLUCTUATION BAND-2
44,11CEACIN21_12,#8COMBUSTION PRESSURE FLUCTUATION BAND-2
45,11CEACIN22_01,#9COMBUSTION PRESSURE FLUCTUATION BAND-2
46,11CEACIN22_02,#10COMBUSTION PRESSURE FLUCTUATION BAND-2
47,11CEACIN22_03,#11COMBUSTION PRESSURE FLUCTUATION BAND-2
48,11CEACIN22_04,#12COMBUSTION PRESSURE FLUCTUATION BAND-2
49,11CEACIN22_09,#13COMBUSTION PRESSURE FLUCTUATION BAND-2
50,11CEACIN22_10,#14COMBUSTION PRESSURE FLUCTUATION BAND-2
51,11CEACIN22_11,#15COMBUSTION PRESSURE FLUCTUATION BAND-2
52,11CEACIN22_12,#16COMBUSTION PRESSURE FLUCTUATION BAND-2
53,11CEACIN24_01,1_COMBUSTION ACCELERATION BAND-2
54,11CEACIN24_02,2_COMBUSTION ACCELERATION BAND-2
55,11CEACIN24_03,3_COMBUSTION ACCELERATION BAND-2
56,11CEACIN24_04,4_COMBUSTION ACCELERATION BAND-2
57,11CEACIN31_01,#1COMBUSTION PRESSURE FLUCTUATION BAND-3
58,11CEACIN31_02,#2COMBUSTION PRESSURE FLUCTUATION BAND-3
59,11CEACIN31_03,#3COMBUSTION PRESSURE FLUCTUATION BAND-3
60,11CEACIN31_04,#4COMBUSTION PRESSURE FLUCTUATION BAND-3
61,11CEACIN31_09,#5COMBUSTION PRESSURE FLUCTUATION BAND-3
62,11CEACIN31_10,#6COMBUSTION PRESSURE FLUCTUATION BAND-3
63,11CEACIN31_11,#7COMBUSTION PRESSURE FLUCTUATION BAND-3
64,11CEACIN31_12,#8COMBUSTION PRESSURE FLUCTUATION BAND-3
65,11CEACIN32_01,#9COMBUSTION PRESSURE FLUCTUATION BAND-3
66,11CEACIN32_02,#10COMBUSTION PRESSURE FLUCTUATION BAND-3
67,11CEACIN32_03,#11COMBUSTION PRESSURE FLUCTUATION BAND-3
68,11CEACIN32_04,#12COMBUSTION PRESSURE FLUCTUATION BAND-3
69,11CEACIN32_09,#13COMBUSTION PRESSURE FLUCTUATION BAND-3
70,11CEACIN32_10,#14COMBUSTION PRESSURE FLUCTUATION BAND-3
71,11CEACIN32_11,#15COMBUSTION PRESSURE FLUCTUATION BAND-3
72,11CEACIN32_12,#16COMBUSTION PRESSURE FLUCTUATION BAND-3
73,11CEACIN34_01,1_COMBUSTION ACCELERATION BAND-3
74,11CEACIN34_02,2_COMBUSTION ACCELERATION BAND-3
75,11CEACIN34_03,3_COMBUSTION ACCELERATION BAND-3
76,11CEACIN34_04,4_COMBUSTION ACCELERATION BAND-3
77,11CEACIN41_01,#1COMBUSTION PRESSURE FLUCTUATION BAND-4
78,11CEACIN41_02,#2COMBUSTION PRESSURE FLUCTUATION BAND-4
79,11CEACIN41_03,#3COMBUSTION PRESSURE FLUCTUATION BAND-4
80,11CEACIN41_04,#4COMBUSTION PRESSURE FLUCTUATION BAND-4
81,11CEACIN41_09,#5COMBUSTION PRESSURE FLUCTUATION BAND-4
82,11CEACIN41_10,#6COMBUSTION PRESSURE FLUCTUATION BAND-4
83,11CEACIN41_11,#7COMBUSTION PRESSURE FLUCTUATION BAND-4
84,11CEACIN41_12,#8COMBUSTION PRESSURE FLUCTUATION BAND-4
85,11CEACIN42_01,#9COMBUSTION PRESSURE FLUCTUATION BAND-4
86,11CEACIN42_02,#10COMBUSTION PRESSURE FLUCTUATION BAND-4
87,11CEACIN42_03,#11COMBUSTION PRESSURE FLUCTUATION BAND-4
88,11CEACIN42_04,#12COMBUSTION PRESSURE FLUCTUATION BAND-4
89,11CEACIN42_09,#13COMBUSTION PRESSURE FLUCTUATION BAND-4
90,11CEACIN42_10,#14COMBUSTION PRESSURE FLUCTUATION BAND-4
91,11CEACIN42_11,#15COMBUSTION PRESSURE FLUCTUATION BAND-4
92,11CEACIN42_12,#16COMBUSTION PRESSURE FLUCTUATION BAND-4
93,11CEACIN44_01,1_COMBUSTION ACCELERATION BAND-4
94,11CEACIN44_02,2_COMBUSTION ACCELERATION BAND-4
95,11CEACIN44_03,3_COMBUSTION ACCELERATION BAND-4
96,11CEACIN44_04,4_COMBUSTION ACCELERATION BAND-4
97,11CEACIN51_01,#1COMBUSTION PRESSURE FLUCTUATION BAND-5
98,11CEACIN51_02,#2COMBUSTION PRESSURE FLUCTUATION BAND-5
99,11CEACIN51_03,#3COMBUSTION PRESSURE FLUCTUATION BAND-5
100,11CEACIN51_04,#4COMBUSTION PRESSURE FLUCTUATION BAND-5
101,11CEACIN51_09,#5COMBUSTION PRESSURE FLUCTUATION BAND-5
102,11CEACIN51_10,#6COMBUSTION PRESSURE FLUCTUATION BAND-5
103,11CEACIN51_11,#7COMBUSTION PRESSURE FLUCTUATION BAND-5
104,11CEACIN51_12,#8COMBUSTION PRESSURE FLUCTUATION BAND-5
105,11CEACIN52_01,#9COMBUSTION PRESSURE FLUCTUATION BAND-5
106,11CEACIN52_02,#10COMBUSTION PRESSURE FLUCTUATION BAND-5
107,11CEACIN52_03,#11COMBUSTION PRESSURE FLUCTUATION BAND-5
108,11CEACIN52_04,#12COMBUSTION PRESSURE FLUCTUATION BAND-5
109,11CEACIN52_09,#13COMBUSTION PRESSURE FLUCTUATION BAND-5
110,11CEACIN52_10,#14COMBUSTION PRESSURE FLUCTUATION BAND-5
111,11CEACIN52_11,#15COMBUSTION PRESSURE FLUCTUATION BAND-5
112,11CEACIN52_12,#16COMBUSTION PRESSURE FLUCTUATION BAND-5
113,11CEACIN54_01,1_COMBUSTION ACCELERATION BAND-5
114,11CEACIN54_02,2_COMBUSTION ACCELERATION BAND-5
115,11CEACIN54_03,3_COMBUSTION ACCELERATION BAND-5
116,11CEACIN54_04,4_COMBUSTION ACCELERATION BAND-5
117,11CEACIN71_01,#1COMBUSTION PRESSURE FLUCTUATION BAND-7
118,11CEACIN71_02,#2COMBUSTION PRESSURE FLUCTUATION BAND-7
119,11CEACIN71_03,#3COMBUSTION PRESSURE FLUCTUATION BAND-7
120,11CEACIN71_04,#4COMBUSTION PRESSURE FLUCTUATION BAND-7
121,11CEACIN71_09,#5COMBUSTION PRESSURE FLUCTUATION BAND-7
122,11CEACIN71_10,#6COMBUSTION PRESSURE FLUCTUATION BAND-7
123,11CEACIN71_11,#7COMBUSTION PRESSURE FLUCTUATION BAND-7
124,11CEACIN71_12,#8COMBUSTION PRESSURE FLUCTUATION BAND-7
125,11CEACIN72_01,#9COMBUSTION PRESSURE FLUCTUATION BAND-7
126,11CEACIN72_02,#10COMBUSTION PRESSURE FLUCTUATION BAND-7
127,11CEACIN72_03,#11COMBUSTION PRESSURE FLUCTUATION BAND-7
128,11CEACIN72_04,#12COMBUSTION PRESSURE FLUCTUATION BAND-7
129,11CEACIN72_09,#13COMBUSTION PRESSURE FLUCTUATION BAND-7
130,11CEACIN72_10,#14COMBUSTION PRESSURE FLUCTUATION BAND-7
131,11CEACIN72_11,#15COMBUSTION PRESSURE FLUCTUATION BAND-7
132,11CEACIN72_12,#16COMBUSTION PRESSURE FLUCTUATION BAND-7
133,11CEACIN74_01,1_COMBUSTION ACCELERATION BAND-7
134,11CEACIN74_02,2_COMBUSTION ACCELERATION BAND-7
135,11CEACIN74_03,3_COMBUSTION ACCELERATION BAND-7
136,11CEACIN74_04,4_COMBUSTION ACCELERATION BAND-7
137,11CEACIN81_01,#1COMBUSTION PRESSURE FLUCTUATION BAND-8
138,11CEACIN81_02,#2COMBUSTION PRESSURE FLUCTUATION BAND-8
139,11CEACIN81_03,#3COMBUSTION PRESSURE FLUCTUATION BAND-8
140,11CEACIN81_04,#4COMBUSTION PRESSURE FLUCTUATION BAND-8
141,11CEACIN81_09,#5COMBUSTION PRESSURE FLUCTUATION BAND-8
142,11CEACIN81_10,#6COMBUSTION PRESSURE FLUCTUATION BAND-8
143,11CEACIN81_11,#7COMBUSTION PRESSURE FLUCTUATION BAND-8
144,11CEACIN81_12,#8COMBUSTION PRESSURE FLUCTUATION BAND-8
145,11CEACIN82_01,#9COMBUSTION PRESSURE FLUCTUATION BAND-8
146,11CEACIN82_02,#10COMBUSTION PRESSURE FLUCTUATION BAND-8
147,11CEACIN82_03,#11COMBUSTION PRESSURE FLUCTUATION BAND-8
148,11CEACIN82_04,#12COMBUSTION PRESSURE FLUCTUATION BAND-8
149,11CEACIN82_09,#13COMBUSTION PRESSURE FLUCTUATION BAND-8
150,11CEACIN82_10,#14COMBUSTION PRESSURE FLUCTUATION BAND-8
151,11CEACIN82_11,#15COMBUSTION PRESSURE FLUCTUATION BAND-8
152,11CEACIN82_12,#16COMBUSTION PRESSURE FLUCTUATION BAND-8
153,11CEACIN84_01,1_COMBUSTION ACCELERATION BAND-8
154,11CEACIN84_02,2_COMBUSTION ACCELERATION BAND-8
155,11CEACIN84_03,3_COMBUSTION ACCELERATION BAND-8
156,11CEACIN84_04,4_COMBUSTION ACCELERATION BAND-8
157,11CEACIN91_01,#1COMBUSTION PRESSURE FLUCTUATION BAND-9
158,11CEACIN91_02,#2COMBUSTION PRESSURE FLUCTUATION BAND-9
159,11CEACIN91_03,#3COMBUSTION PRESSURE FLUCTUATION BAND-9
160,11CEACIN91_04,#4COMBUSTION PRESSURE FLUCTUATION BAND-9
161,11CEACIN91_09,#5COMBUSTION PRESSURE FLUCTUATION BAND-9
162,11CEACIN91_10,#6COMBUSTION PRESSURE FLUCTUATION BAND-9
163,11CEACIN91_11,#7COMBUSTION PRESSURE FLUCTUATION BAND-9
164,11CEACIN91_12,#8COMBUSTION PRESSURE FLUCTUATION BAND-9
165,11CEACIN92_01,#9COMBUSTION PRESSURE FLUCTUATION BAND-9
166,11CEACIN92_02,#10COMBUSTION PRESSURE FLUCTUATION BAND-9
167,11CEACIN92_03,#11COMBUSTION PRESSURE FLUCTUATION BAND-9
168,11CEACIN92_04,#12COMBUSTION PRESSURE FLUCTUATION BAND-9
169,11CEACIN92_09,#13COMBUSTION PRESSURE FLUCTUATION BAND-9
170,11CEACIN92_10,#14COMBUSTION PRESSURE FLUCTUATION BAND-9
171,11CEACIN92_11,#15COMBUSTION PRESSURE FLUCTUATION BAND-9
172,11CEACIN92_12,#16COMBUSTION PRESSURE FLUCTUATION BAND-9
173,11CEACIN94_01,1_COMBUSTION ACCELERATION BAND-9
174,11CEACIN94_02,2_COMBUSTION ACCELERATION BAND-9
175,11CEACIN94_03,3_COMBUSTION ACCELERATION BAND-9
176,11CEACIN94_04,4_COMBUSTION ACCELERATION BAND-9
177,11CEACINA1_01,#1COMBUSTION PRESSURE FLUCTUATION BAND-10
178,11CEACINA1_02,#2COMBUSTION PRESSURE FLUCTUATION BAND-10
179,11CEACINA1_03,#3COMBUSTION PRESSURE FLUCTUATION BAND-10
180,11CEACINA1_04,#4COMBUSTION PRESSURE FLUCTUATION BAND-10
181,11CEACINA1_09,#5COMBUSTION PRESSURE FLUCTUATION BAND-10
182,11CEACINA1_10,#6COMBUSTION PRESSURE FLUCTUATION BAND-10
183,11CEACINA1_11,#7COMBUSTION PRESSURE FLUCTUATION BAND-10
184,11CEACINA1_12,#8COMBUSTION PRESSURE FLUCTUATION BAND-10
185,11CEACINA2_01,#9COMBUSTION PRESSURE FLUCTUATION BAND-10
186,11CEACINA2_02,#10COMBUSTION PRESSURE FLUCTUATION BAND-10
187,11CEACINA2_03,#11COMBUSTION PRESSURE FLUCTUATION BAND-10
188,11CEACINA2_04,#12COMBUSTION PRESSURE FLUCTUATION BAND-10
189,11CEACINA2_09,#13COMBUSTION PRESSURE FLUCTUATION BAND-10
190,11CEACINA2_10,#14COMBUSTION PRESSURE FLUCTUATION BAND-10
191,11CEACINA2_11,#15COMBUSTION PRESSURE FLUCTUATION BAND-10
192,11CEACINA2_12,#16COMBUSTION PRESSURE FLUCTUATION BAND-10
193,11CEACINA4_01,1_COMBUSTION ACCELERATION BAND-10
194,11CEACINA4_02,2_COMBUSTION ACCELERATION BAND-10
195,11CEACINA4_03,3_COMBUSTION ACCELERATION BAND-10
196,11CEACINA4_04,4_COMBUSTION ACCELERATION BAND-10
197,11CEACINB1_01,#1COMBUSTION PRESSURE FLUCTUATION BAND-11
198,11CEACINB1_02,#2COMBUSTION PRESSURE FLUCTUATION BAND-11
199,11CEACINB1_03,#3COMBUSTION PRESSURE FLUCTUATION BAND-11
200,11CEACINB1_04,#4COMBUSTION PRESSURE FLUCTUATION BAND-11
201,11CEACINB1_09,#5COMBUSTION PRESSURE FLUCTUATION BAND-11
202,11CEACINB1_10,#6COMBUSTION PRESSURE FLUCTUATION BAND-11
203,11CEACINB1_11,#7COMBUSTION PRESSURE FLUCTUATION BAND-11
204,11CEACINB1_12,#8COMBUSTION PRESSURE FLUCTUATION BAND-11
205,11CEACINB2_01,#9COMBUSTION PRESSURE FLUCTUATION BAND-11
206,11CEACINB2_02,#10COMBUSTION PRESSURE FLUCTUATION BAND-11
207,11CEACINB2_03,#11COMBUSTION PRESSURE FLUCTUATION BAND-11
208,11CEACINB2_04,#12COMBUSTION PRESSURE FLUCTUATION BAND-11
209,11CEACINB2_09,#13COMBUSTION PRESSURE FLUCTUATION BAND-11
210,11CEACINB2_10,#14COMBUSTION PRESSURE FLUCTUATION BAND-11
211,11CEACINB2_11,#15COMBUSTION PRESSURE FLUCTUATION BAND-11
212,11CEACINB2_12,#16COMBUSTION PRESSURE FLUCTUATION BAND-11
213,11CEACINB4_01,1_COMBUSTION ACCELERATION BAND-11
214,11CEACINB4_02,2_COMBUSTION ACCELERATION BAND-11
215,11CEACINB4_03,3_COMBUSTION ACCELERATION BAND-11
216,11CEACINB4_04,4_COMBUSTION ACCELERATION BAND-11
217,11CEACINC1_01,#1COMBUSTION PRESSURE FLUCTUATION OVERALL
218,11CEACINC1_02,#2COMBUSTION PRESSURE FLUCTUATION OVERALL
219,11CEACINC1_03,#3COMBUSTION PRESSURE FLUCTUATION OVERALL
220,11CEACINC1_04,#4COMBUSTION PRESSURE FLUCTUATION OVERALL
221,11CEACINC1_05,#5COMBUSTION PRESSURE FLUCTUATION OVERALL
222,11CEACINC1_06,#6COMBUSTION PRESSURE FLUCTUATION OVERALL
223,11CEACINC1_07,#7COMBUSTION PRESSURE FLUCTUATION OVERALL
224,11CEACINC1_08,#8COMBUSTION PRESSURE FLUCTUATION OVERALL
225,11CEACINC2_01,#9COMBUSTION PRESSURE FLUCTUATION OVERALL
226,11CEACINC2_02,#10COMBUSTION PRESSURE FLUCTUATION OVERALL
227,11CEACINC2_03,#11COMBUSTION PRESSURE FLUCTUATION OVERALL
228,11CEACINC2_04,#12COMBUSTION PRESSURE FLUCTUATION OVERALL
229,11CEACINC2_05,#13COMBUSTION PRESSURE FLUCTUATION OVERALL
230,11CEACINC2_06,#14COMBUSTION PRESSURE FLUCTUATION OVERALL
231,11CEACINC2_07,#15COMBUSTION PRESSURE FLUCTUATION OVERALL
232,11CEACINC2_08,#16COMBUSTION PRESSURE FLUCTUATION OVERALL
233,11CEACINC4_01,1_COMBUSTION ACCELERATION OVERALL
234,11CEACINC4_02,2_COMBUSTION ACCELERATION OVERALL
235,11CEACINC4_03,3_COMBUSTION ACCELERATION OVERALL
236,11CEACINC4_04,4_COMBUSTION ACCELERATION OVERALL
237,11CEAEOH006A_01,TOTAL EQUIVALENT COUNT OF TRIP (GAS)
238,11CEAEOH006A_02,TOTAL EQUIVALENT COUNT OF RAPID LOAD CHANGE (GAS)
239,11CEAEOH006A_03,TOTAL EQUIVALENT COUNT OF LOAD REJECTION (GAS)
240,11CEAEOH006A_04,GT OPERATION HOUR (GAS)
241,11CEAEOH006A_05,GT START No (GAS)
242,11CEAEOH006A_08,GT LOAD REJECTION No (GAS)
243,11CEAEOH007A_01,GAS EOH (1)
244,11CEAEOH007A_02,GAS EOH (2)
245,11CEAEOH007A_03,GAS EOH (3)
246,11CEAEOH007A_04,GAS ES
247,11RCAOG-A011_01,11GT PURGE TIME
248,11RCAOG-A204_01,11GT RE-START PERMIT TIME (MINUTES)
249,11RCAOG-A204_02,11GT RE-START PERMIT TIME (SECONDS)
250,11RCAOG-A226_01,11GEN SYNCHRO SCOPE
251,11RCAOG-A428_01,11GT LUBE OIL SUPPLY TEMPERATURE HIGH TRIP
252,11RCAOG-B005_01,11GT EXHAUST GAS DUCT PRESSURE
253,11RCAOG-B005_02,11GT INLET AIR FILTER DIFFERENTIAL PRESSURE (1st)
254,11RCAOG-B005_03,11GT INLET AIR FILTER DIFFERENTIAL PRESSURE (2nd)
255,11RCAOG-B005_05,11GT INLET FILTER INSIDE PRESSURE
256,11RCAOG-B005_06,11GT INSTRUMENT AIR SUPPLY PRESSURE
257,11RCAOG-B008_01,11GT FUEL GAS MAIN A FLOW CONTROL VALVE DIFFERENTIAL PRESSURE
258,11RCAOG-B008_02,11GT FUEL GAS MAIN B FLOW CONTROL VALVE DIFFERENTIAL PRESSURE
259,11RCAOG-B008_03,11GT FUEL GAS PILOT FLOW CONTROL VALVE DIFFERENTIAL PRESSURE
260,11RCAOG-B008_04,11GT FUEL GAS TOPHAT FLOW CONTROL VALVE DIFFERENTIAL PRESSURE
261,11RCAOG-B009_01,11GT FUEL GAS PRESSURE (FOR FLOW METER)
262,11RCAOG-B009_02,11GT FUEL GAS INLET FILTER DIFFERENTIAL PRESSURE
263,11RCAOG-B009_04,11GT LUBE OIL FILTER DIFFERENTIAL PRESSURE
264,11RCAOG-B015_01,11GT INDEX DIFFERENTIAL PRESSURE
265,11RCAOG-B015_02,11GT INLET MANIFOLD STATIC PRESSURE
266,11RCAOG-B015_03,11GT No.1 BEARING SEAL AIR SUPPLY PRESSURE
267,11RCAOG-B015_04,11GT No.2 BEARING SEAL AIR SUPPLY PRESSURE
268,11RCAOG-B018_01,11GT FUEL GAS FLOW (CORRECT)
269,11RCAOG-B065_01,11GT NO.1 BEARING ROTOR VIBRATION (TURB. SIDE) (X)
270,11RCAOG-B065_02,11GT NO.1 BEARING ROTOR VIBRATION (TURB. SIDE) (Y)
271,11RCAOG-B065_03,11GT NO.2 BEARING ROTOR VIBRATION (COMP. SIDE) (X)
272,11RCAOG-B065_04,11GT NO.2 BEARING ROTOR VIBRATION (COMP. SIDE) (Y)
273,11RCAOG-B066_01,11GT NO.3 BEARING ROTOR VIBRATION (TURB. SIDE) (X)
274,11RCAOG-B066_02,11GT NO.3 BEARING ROTOR VIBRATION (TURB. SIDE) (Y)
275,11RCAOG-B066_03,11GT NO.4 BEARING ROTOR VIBRATION (EXC. SIDE) (X)
276,11RCAOG-B066_04,11GT NO.4 BEARING ROTOR VIBRATION (EXC. SIDE) (Y)
277,11RCAOG-B072_02,11GT FUEL GAS TEMP CONTROL VALVE POSITION
278,11RCAOG-B077_01,11GT GAS DETECTOR FOR FUEL GAS UNIT
279,11RCAOG-B077_02,11GT GAS DETECTOR FOR GT EXHAUST GAS DUCT
280,11RCAOG-B077_03,11GT GAS DETECTOR FOR GT ENCLOSURE VENTILATION FAN (A)
281,11RCAOG-B077_04,11GT GAS DETECTOR FOR GT ENCLOSURE VENTILATION FAN (B)
282,11RCAOG-B077_05,11GT GAS DETECTOR FOR GT ENCLOSURE VENTILATION FAN (C)
283,11RCAOG-B081_01,11GT COMBUSTOR 2 FLAME VOLTAGE (A)
284,11RCAOG-B081_02,11GT COMBUSTOR 2 FLAME VOLTAGE (B)
285,11RCAOG-B081_03,11GT COMBUSTOR 3 FLAME VOLTAGE (A)
286,11RCAOG-B081_04,11GT COMBUSTOR 3 FLAME VOLTAGE (B)
287,11RCAOG-B082_01,GT NOx
288,11RCAOG-B082_02,GT O2
289,11RCAOG-B100_01,11GT No.1 BLADE PATH TEMPERATURE
290,11RCAOG-B100_02,11GT No.2 BLADE PATH TEMPERATURE
291,11RCAOG-B100_03,11GT No.3 BLADE PATH TEMPERATURE
292,11RCAOG-B100_04,11GT No.4 BLADE PATH TEMPERATURE
293,11RCAOG-B100_05,11GT No.5 BLADE PATH TEMPERATURE
294,11RCAOG-B101_01,11GT No.6 BLADE PATH TEMPERATURE
295,11RCAOG-B101_02,11GT No.7 BLADE PATH TEMPERATURE
296,11RCAOG-B101_03,11GT No.8 BLADE PATH TEMPERATURE
297,11RCAOG-B101_04,11GT No.9 BLADE PATH TEMPERATURE
298,11RCAOG-B101_05,11GT No.10 BLADE PATH TEMPERATURE
299,11RCAOG-B102_01,11GT No.11 BLADE PATH TEMPERATURE
300,11RCAOG-B102_02,11GT No.12 BLADE PATH TEMPERATURE
301,11RCAOG-B102_03,11GT No.13 BLADE PATH TEMPERATURE
302,11RCAOG-B102_04,11GT No.14 BLADE PATH TEMPERATURE
303,11RCAOG-B102_05,11GT No.15 BLADE PATH TEMPERATURE
304,11RCAOG-B103_01,11GT No.16 BLADE PATH TEMPERATURE
305,11RCAOG-B104_01,11GT No.1 EXHAUST GAS TEMPERATURE
306,11RCAOG-B104_02,11GT No.2 EXHAUST GAS TEMPERATURE
307,11RCAOG-B104_03,11GT No.3 EXHAUST GAS TEMPERATURE
308,11RCAOG-B104_04,11GT No.4 EXHAUST GAS TEMPERATURE
309,11RCAOG-B104_05,11GT No.5 EXHAUST GAS TEMPERATURE
310,11RCAOG-B105_01,11GT No.6 EXHAUST GAS TEMPERATURE
311,11RCAOG-B105_02,11GT COMBUSTOR COMPRESSOR CASING METAL TEMPERATURE (LOWER)
312,11RCAOG-B105_03,11GT COMBUSTOR COMPRESSOR CASING METAL TEMPERATURE (UPPER)
313,11RCAOG-B105_04,11GT TURBINE CASING METAL TEMPERATURE (LOWER)
314,11RCAOG-B105_05,11GT TURBINE CASING METAL TEMPERATURE (UPPER)
315,11RCAOG-B106_01,11GT No.2 ROW DISC CAVITY TEMPERATURE (LEFT SIDE)
316,11RCAOG-B106_02,11GT No.2 ROW DISC CAVITY TEMPERATURE (RIGHT SIDE)
317,11RCAOG-B106_03,11GT No.3 ROW DISC CAVITY TEMPERATURE (RIGHT SIDE)
318,11RCAOG-B106_04,11GT ROTOR COOLING AIR TEMPERATURE (LEFT SIDE)
319,11RCAOG-B106_05,11GT ROTOR COOLING AIR TEMPERATURE (RIGHT SIDE)
320,11RCAOG-B107_01,11GT No.3 ROW DISC CAVITY TEMPERATURE (LEFT SIDE)
321,11RCAOG-B107_02,11GT No.4 ROW DISC CAVITY TEMPERATURE (DOWN STREAM)
322,11RCAOG-B107_03,11GT No.4 ROW DISC CAVITY TEMPERATURE (LEFT SIDE)
323,11RCAOG-B107_04,11GT No.4 ROW DISC CAVITY TEMPERATURE (RIGHT SIDE)
324,11RCAOG-B108_01,11GT COMPRESSOR OUTLET AIR TEMPERATURE
325,11RCAOG-B109_01,11GT NO.1 BEARING DRAIN OIL TEMPERATURE (TURB. SIDE)
326,11RCAOG-B109_02,11GT NO.2 BEARING DRAIN OIL TEMPERATURE (COMP. SIDE)
327,11RCAOG-B109_03,11GT NO.3 BEARING OIL DRAIN TEMP TE SIDE
328,11RCAOG-B109_04,11GT NO.4 BEARING OIL DRAIN TEMP CE SIDE
329,11RCAOG-B109_05,11GT THRUST BEARING DRAIN OIL TEMPERATURE
330,11RCAOG-B111_01,11GT NO.1 BEARING PAD METAL TEMPERATURE-1 (TURB SIDE)
331,11RCAOG-B111_02,11GT NO.2 BEARING PAD METAL TEMPERATURE-1 (COMP SIDE)
332,11RCAOG-B111_03,11GT NO.3 BRG METAL TC
333,11RCAOG-B111_04,11GT THRUST BEARING PAD METAL TEMPERATURE -1 (TURBINE SIDE)
334,11RCAOG-B111_05,11GT THRUST BEARING PAD METAL TEMPERATURE-1 (GENERATOR SIDE)
335,11RCAOG-B112_01,11GT NO.1 BEARING PAD METAL TEMPERATURE-2 (TURB SIDE)
336,11RCAOG-B112_02,11GT NO.2 BEARING PAD METAL TEMPERATURE-2 (COMP SIDE)
337,11RCAOG-B112_03,11GT NO.4 BRG METAL TC
338,11RCAOG-B112_05,11GT THRUST BEARING PAD METAL TEMPERATURE-2 (GENERATOR SIDE)
339,11RCAOG-B112_06,11GT THRUST BEARING PAD METAL TEMPERATURE-2 (TURBINE SIDE)
340,11RCAOG-B113_01,11GT FUEL GAS HEATER OUTLET TEMPERATURE
341,11RCAOG-B113_02,11GT FUEL GAS TEMPERATURE (FOR FLOW METER)
342,11RCAOG-B200_01,11GT GENERATOR FIELD CURRENT
343,11RCAOG-B200_02,11GT GENERATOR FIELD VOLTAGE
344,11RCAOG-B200_03,11GT GENERATOR VOLTAGE (A-B PHASE)
345,11RCAOG-B200_04,11GT GENERATOR VOLTAGE (B-C PHASE)
346,11RCAOG-B200_05,11GT GENERATOR VOLTAGE (C-A PHASE)
347,11RCAOG-B200_06,11GT GEN POWER FACTOR
348,11RCAOG-B201_01,11GT GENERATOR CURRENT (A PHASE)
349,11RCAOG-B201_02,11GT GENERATOR CURRENT (B PHASE)
350,11RCAOG-B201_03,11GT GENERATOR CURRENT (C PHASE)
351,11RCAOG-B201_04,11GT GENERATOR FREQUENCY
352,11RCAOG-B201_05,11GT GENERATOR REACTIVE POWER
353,11RCAOG-B203_01,11GT GRID SIDE VOLTAGE
354,11RCAOG-B203_02,11GT GRID SIDE FREQUENCY
355,11RCAOG-B203_03,11GT GEN SIDE VOLTAGE
356,11RCAOG-B203_04,11GT GEN SIDE FREQUENCY
357,11RCAOG-C005_01,11GT FUEL GAS SUPPLY PRESSURE
358,11RCAOG-C007_02,11GT FUEL GAS MAIN A MANIFOLD PRESSURE
359,11RCAOG-C008_01,11GT FUEL GAS MAIN B MANIFOLD PRESSURE
360,11RCAOG-C008_02,11GT FUEL GAS PILOT MANIFOLD PRESSURE
361,11RCAOG-C008_03,11GT FUEL GAS TOPHAT MANIFOLD PRESSURE
362,11RCAOG-C008_04,11GT BAROMETRIC PRESSURE
363,11RCAOG-C009_01,11GT BLADE PATH TEMPERATURE MAX
364,11RCAOG-C009_02,11GT BLADE PATH TEMPERATURE MIN
365,11RCAOG-C010_01,11GT BLADE PATH TEMPERATURE VARIATION MAX
366,11RCAOG-C010_02,11GT BLADE PATH TEMPERATURE VARIATION MIN
367,11RCAOG-C011_01,11GT EXHAUST GAS TEMPERATURE MAX
368,11RCAOG-C011_02,11GT EXHAUST GAS TEMPERATURE MIN
369,11RCAOG-C013_01,11GT No.2 ROW DISC CAVITY TEMPERATURE
370,11RCAOG-C013_02,11GT No.3 ROW DISC CAVITY TEMPERATURE
371,11RCAOG-C013_03,11GT No.4 ROW DISC CAVITY TEMPERATURE
372,11RCAOG-C013_04,11GT ROTOR COOLING AIR TEMPERATURE
373,11RCAOG-C014_01,11GT No.1 BEARING DRAIN OIL TEMPERATURE (TURBINE SIDE) ALARM SET
374,11RCAOG-C014_02,11GT No.2 BEARING DRAIN OIL TEMPERATURE (COMP. SIDE) ALARM SET
375,11RCAOG-C014_03,11GT No.3 BEARING OIL DRAIN TEMP TE SIDE ALARM SET
376,11RCAOG-C014_04,11GT No.4 BEARING OIL DRAIN TEMP CE SIDE ALARM SET
377,11RCAOG-C014_06,11GT THRUST BEARING DRAIN OIL TEMPERATURE ALARM SET
378,11RCAOG-C015_01,11GT No.1 BEARING METAL TEMPERATURE ALARM SET
379,11RCAOG-C015_02,11GT No.2 BEARING METAL TEMPERATURE ALARM SET
380,11RCAOG-C015_03,11GT No.3 BRG METAL TC HIGH ALARM SET
381,11RCAOG-C015_04,11GT No.4 BRG METAL TC HIGH ALARM SET
382,11RCAOG-C015_05,11GT No.3 BRG METAL TC HIGH HIGH TRIP SET
383,11RCAOG-C015_06,11GT No.4 BRG METAL TC HIGH HIGH TRIP SET
384,11RCAOG-C016_01,11GT THRUST BEARING METAL TEMPERATURE (GENERATOR SIDE) ALARM SET
385,11RCAOG-C016_02,11GT THRUST BEARING METAL TEMPERATURE (TURBINE SIDE) ALARM SET
386,11RCAOG-C020_01,11GT COMBUSTOR COMP. CASING METAL DIFFERENTIAL TEMPERATURE
387,11RCAOG-C020_02,11GT TURBINE CASING METAL DIFFERENTIAL TEMPERATURE
388,11RCAOG-C021_01,11GT LUBE OIL SUPPLY TEMPERATURE ALARM SET
389,11RCAOG-C023_01,11GT No.1 BLADE PATH TEMPERATURE VARIATION
390,11RCAOG-C024_01,11GT No.2 BLADE PATH TEMPERATURE VARIATION
391,11RCAOG-C025_01,11GT No.3 BLADE PATH TEMPERATURE VARIATION
392,11RCAOG-C026_01,11GT No.4 BLADE PATH TEMPERATURE VARIATION
393,11RCAOG-C027_01,11GT No.5 BLADE PATH TEMPERATURE VARIATION
394,11RCAOG-C028_01,11GT No.6 BLADE PATH TEMPERATURE VARIATION
395,11RCAOG-C029_01,11GT No.7 BLADE PATH TEMPERATURE VARIATION
396,11RCAOG-C030_01,11GT No.8 BLADE PATH TEMPERATURE VARIATION
397,11RCAOG-C031_01,11GT No.9 BLADE PATH TEMPERATURE VARIATION
398,11RCAOG-C032_01,11GT No.10 BLADE PATH TEMPERATURE VARIATION
399,11RCAOG-C033_01,11GT No.11 BLADE PATH TEMPERATURE VARIATION
400,11RCAOG-C034_01,11GT No.12 BLADE PATH TEMPERATURE VARIATION
401,11RCAOG-C035_01,11GT No.13 BLADE PATH TEMPERATURE VARIATION
402,11RCAOG-C036_01,11GT No.14 BLADE PATH TEMPERATURE VARIATION
403,11RCAOG-C037_01,11GT No.15 BLADE PATH TEMPERATURE VARIATION
404,11RCAOG-C038_01,11GT No.16 BLADE PATH TEMPERATURE VARIATION
405,11RCAOG-C071_01,11GT NOx (15% O2)
406,11RCAOG-C103_01,11GT No.1-2 BEARING ROTOR VIBRATION ALARM SET
407,11RCAOG-C103_02,11GT No.1-2 BEARING ROTOR VIBRATION TRIP SET
408,11RCAOG-C103_03,11GT No.3-4 BEARING ROTOR VIBRATION ALARM SET
409,11RCAOG-C103_04,11GT No.3-4 BEARING ROTOR VIBRATION TRIP SET
410,11RCAOG-C110_01,11GT FUEL GAS MAIN B FLOW CONTROL VALVE POSITION
411,11RCAOG-C110_02,11GT FUEL GAS PILOT FLOW CONTROL VALVE POSITION
412,11RCAOG-C110_03,11GT FUEL GAS SUPPLY PRESSURE CONTROL VALVE (A) POSITION
413,11RCAOG-C110_04,11GT FUEL GAS SUPPLY PRESSURE CONTROL VALVE (B) POSITION
414,11RCAOG-C110_05,11GT IGV POSITION
415,11RCAOG-C110_06,11GT IGV POSITION (ANGLE)
416,11RCAOG-C112_01,11GT FUEL GAS MAIN A FLOW CONTROL VALVE POSITION
417,11RCAOG-C112_02,11GT FUEL GAS TOPHAT FLOW CONTROL VALVE POSITION
418,11RCAOG-C152_01,11GT FLM#2 FLAME ON TIME
419,11RCAOG-C152_02,11GT FLM#3 FLAME ON TIME
420,11RCAOG-C152_03,11GT COAST DOWN TIME (sec)
421,11RCAOG-C152_04,11GT COAST DOWN TIME (min)
422,11RCAOG-C153_01,11GT FLM#2A FLAME ON TIME
423,11RCAOG-C153_02,11GT FLM#2B FLAME ON TIME
424,11RCAOG-C153_03,11GT FLM#3A FLAME ON TIME
425,11RCAOG-C153_04,11GT FLM#3B FLAME ON TIME
426,11RCAOG-C208_01,11GT FUEL GAS PILOT RATIO
427,11RCAOG-C208_02,11GT FUEL GAS TOPHAT RATIO
428,11RCAOG-D001_01,11GT speed
429,11RCAOG-D002_01,Generator Power output
430,11RCAOG-D006_01,11GT BLADE PATH AVERAGE TEMPERATURE (BPT)
431,11RCAOG-D007_01,11GT EXHAUST GAS AVERAGE TEMPERATURE (EXT)
432,11RCAOG-D008_01,11GT COMPRESSOR INLET AIR TEMPERATURE
433,11RCAOG-D009_01,11GT COMBUSTOR SHELL PRESSURE
434,11RCAOG-D011_01,11GT FUEL GAS SUPPLY PRESSURE CONTROL VALVE OUTLET PRESSURE
435,11RCAOG-D013_01,11GT FUEL GAS SUPPLY PRESSURE CONTROL VALVE OUTLET TEMPERATURE
436,11RCAOG-D014_01,11GT LUBE OIL SUPPLY TEMPERATURE
437,11RCAOG-D018_01,11GT GVCSO
438,11RCAOG-D018_02,11GT SPREF
439,11RCAOG-D020_01,11GT LDCSO
440,11RCAOG-D020_02,11GT LRCSO
441,11RCAOG-D021_02,11GT EXCSO
442,11RCAOG-D021_04,11GT EXREF
443,11RCAOG-D022_01,11GT BPCSO
444,11RCAOG-D022_03,11GT BPREF
445,11RCAOG-D023_01,11GT FLCSO
446,11RCAOG-D023_02,11GT FLMT
447,11RCAOG-D023_03,11GT N1LMT
448,11RCAOG-D024_01,11GT CSO
449,11RCAOG-D024_02,11GT RCSO
450,11RCAOG-D026_01,11GT MFCLCSO
451,11RCAOG-D032_01,11GT PL RATIO BIAS
452,11RCAOG-D033_01,11GT TH RATIO BIAS (GAS)
453,11RCAOG-D036_01,11GT MFPLCSO
454,11RCAOG-D036_02,11GT MFTHCSO
455,11RCAOG-D037_01,11GT MFCSO
456,11RCAOG-D037_02,11GT MFMACSO
457,11RCAOG-D037_03,11GT MFMBCSO
458,11RCAOG-D040A_01,11GT MFPLFCSO
459,11RCAOG-D040B_01,11GT MFMAFCSO
460,11RCAOG-D040C_01,11GT MFMBFCSO
461,11RCAOG-D040D_01,11GT MFTHFCSO
462,11RCAOG-D041_01,11GT MFPACSO
463,11RCAOG-D041_02,11GT MFPBCSO
464,11RCAOG-D041_03,11GT MFPREF
465,11RCAOG-D050A_01,11GT IGVCSO
466,11RCAOG-D050A_02,11GT IGVREF
467,11RCAOG-D100_01,11GT FUEL GAS CALORIE METER DENSITY (kg/Nm3)
468,11RCAOG-D101_01,11GT FUEL GAS CALORIE METER CALORIE (MJ/Nm3)
469,11RCAOG-E001_01,11GT SPSET
470,11RCAOG-E001_02,11GT SPSET (SV)
471,11RCAOG-E001_03,11GT SPSET LOW LIMIT
472,11RCAOG-E001_04,11GT SPSET HIGH LIMIT
473,11RCAOG-E002_01,11GT LDREF
474,11RCAOG-E002_02,11GT LDSET
475,11RCAOG-E002_03,11GT LDSET (SV)
476,11RCAOG-E002_04,11GT LDSET LOW LIMIT
477,11RCAOG-E002_05,11GT LDSET HIGH LIMIT
478,11RCAOG-E003_01,11GT ALR SET
479,11RCAOG-E003_02,11GT ALR SET (SV)
480,11RCAOG-E003_03,11GT ALR SET HIGH LIMIT
481,11RCAOG-E003_04,11GT ALR SET LOW LIMIT
482,11RCAOG-E018_01,11GT FGHTCSO
483,11RCAOG-E018_02,11GT FUEL GAS TEMPERATURE CONTROL VALVE SV
484,11RCAOG-E018_03,11GT FUEL GAS TEMP CONTROL VALVE POSITION
485,11RCAOG-L019_01,11GT COUNTING SIGNAL FROM GTC1 FOR OPC CONTROL
486,11RCAOG-L119_01,11GT COUNTING SIGNAL FROM GTC2 FOR OPC CONTROL
487,11RCAOM-A603_01,11GT STATOR WINDING TEMPERATURE IN SLOT #1
488,11RCAOM-A603_02,11GT STATOR WINDING TEMPERATURE IN SLOT #2
489,11RCAOM-A603_03,11GT STATOR WINDING TEMPERATURE IN SLOT #3
490,11RCAOM-A603_04,11GT STATOR WINDING TEMPERATURE IN SLOT #13
491,11RCAOM-A603_05,11GT STATOR WINDING TEMPERATURE IN SLOT #25
492,11RCAOM-A603_06,11GT STATOR WINDING TEMPERATURE IN SLOT #26
493,11RCAOM-A603_07,11GT STATOR WINDING TEMPERATURE IN SLOT #27
494,11RCAOM-A603_08,11GT STATOR WINDING TEMPERATURE IN SLOT #37
495,11RCAOM-A603_09,11GT STATOR WINDING TEMPERATURE IN SLOT #49
496,11RCAOM-A603_10,11GT STATOR WINDING TEMPERATURE IN SLOT #50
497,11RCAOM-A603_11,11GT STATOR WINDING TEMPERATURE IN SLOT #51
498,11RCAOM-A603_12,11GT STATOR WINDING TEMPERATURE IN SLOT #61
499,11RCAOM-A603_13,11GT STATOR COLD GAS TEMPERATURE IN GENERATOR #1
500,11RCAOM-A603_14,11GT STATOR COLD GAS TEMPERATURE IN GENERATOR #2
501,11RCAOM-A603_15,11GT STATOR HOT GAS TEMPERATURE IN GENERATOR #1
502,11RCAOM-A603_16,11GT STATOR HOT GAS TEMPERATURE IN GENERATOR #2
503,11RCAOM-A603_17,11GT HOT GAS TEMPERATURE IN COLLECTOR
504,11RCAOM-A603_18,11GT COLD GAS TEMPERATURE IN COLLECTOR
505,11RCAOM-A603_19,11GT STATOR COMMON GAS TEMPERATURE IN GENERATOR #1
506,11RCAOM-A603_20,11GT GEN H2 GAS PRESSURE TRANSMITTER
507,11RCAOM-A603_21,11GT SEAL OIL DIFFERENTIAL PRESSURE TRANSMITTER
508,11RCAOM-A603_22,11GT H2 GAS PURITY TE SIDE
509,11RCAOM-A603_23,11GT H2 GAS PURITY CE SIDE
510,11RCAOM-A603_24,11GT STATOR COLD GAS TEMPERATURE IN GENERATOR #3
511,11RCAOM-A603_25,11GT STATOR COLD GAS TEMPERATURE IN GENERATOR #4
512,11RCAOM-A603_26,11GT STATOR HOT GAS TEMPERATURE IN GENERATOR #3
513,11RCAOM-A603_27,11GT STATOR HOT GAS TEMPERATURE IN GENERATOR #4
514,11RCAOM-A603_28,11GT STATOR COMMON GAS TEMPERATURE IN GENERATOR #2
515,11RCAOM-A603_29,11GT OUTLET H2 GAS DEW POINT MONITORING
516,11RCAOM-A603_30,11GT SEAL OIL PUMP DISCHARGE PRESSURE TRANSMITTER
517,11RCAOM-A603_31,11GT INLET H2 GAS DEW POINT MONITORING
518,11RCAOM-A603_32,11GENERATOR ROTOR WINDING TEMP
519,11RCAOM-B451_01,11GT CONTROL OIL SUPPLY PRESSURE
520,11RCAOM-B451_02,11GT LUBE OIL SUPPLY PRESSURE
521,11RCAOM-B451_03,11GT LUBE OIL RESERVOIR VAPOR PRESSURE
522,11RCAOM-B451_04,11GT ENCLOSURE VENTILATION FAN (A) DIFFERENTIAL PRESSURE
523,11RCAOM-B451_05,11GT ENCLOSURE VENTILATION FAN (B) DIFFERENTIAL PRESSURE
524,11RCAOM-B451_06,11GT ENCLOSURE VENTILATION FAN (C) DIFFERENTIAL PRESSURE
525,11RCAOM-B451_08,11GT FUEL GAS UNIT VENTILATION FAN (A) DIFFERENTIAL PRESSURE
526,11RCAOM-B451_09,11GT FUEL GAS UNIT VENTILATION FAN (B) DIFFERENTIAL PRESSURE
527,11RCAOM-B451_10,11GT LUBE OIL RESERVOIR TEMPERATURE
528,11RCAOM-B451_11,11GT CONTROL OIL RESERVOIR TEMPERATURE
529,11RCAOM-B451_12,11GT LUBE OIL RESERVOIR LEVEL
530,11RCAOM-B451_13,11GT MAIN LUBE OIL PUMP (A) DISCHARGE PRESSURE
531,11RCAOM-B451_14,11GT MAIN LUBE OIL PUMP (B) DISCHARGE PRESSURE
532,11RCAOM-B452_01,11GT LUBE OIL TEMP CONTROL VALVE POSITION
533,11RCAOM-B452_02,11GT LUBE OIL TEMPERATURE
534,11RCAOM-C451_01,11GT CASING COOLING AIR FAN INLET DAMPER POSITION
535,11RCAOM-C451_02,11GT CASING COOLING AIR FAN INLET FILTER DIFF PRESS
536,11RCAOM-D453_01,11GT TCA COOLER OUTLET AIR TEMPERATURE
537,11RCAOM-D453_02,11GT TCA COOLER FEED WATER FCV (HRSG SIDE) DIFF PRESSURE
538,11RCAOM-D454_01,11GT TCA COOLER INLET FEED WATER TEMPERATURE
539,11RCAOM-D454_02,11GT TCA COOLER OUTLET FEED WATER TEMPERATURE
540,11RCAOM-D454_03,11GT TCA COOLER OUTLET FEED WATER PRESSURE
541,11RCAOM-D454_04,11HP ECO. INLET MODULATING VALVE DIFF PRESSURE
542,11RCAOM-D454_05,11HP ECO. INLET MODULATING VALVE POSITION
543,11RCAOM-D454_06,11GT TCA COOLER FEED WATER FCV (HRSG SIDE) POSITION
544,11RCAOM-D454_08,11GT TCA COOLER FEED WATER FCV (ST B/D TANK SIDE) POSITION
545,11RCAOM-D454_09,11GT TCA COOLER INLET FEED WATER FLOW
546,11RCAOM-D464_01,11GT FGH HEATING WATER FCV (HRSG SIDE) POSITION
547,11RCAOM-D464_02,11GT FGH HEATING WATER FCV (ST B/D TANK SIDE) POSITION
548,11RCAOM-D464_03,11GT FGH INLET HEATING WATER TEMPERATURE
549,11RCAOM-D464_04,11GT FGH OUTLET HEATING WATER TEMPERATURE
550,11RCAOM-D464_05,11GT FGH OUTLET HEATING WATER PRESSURE
551,11RCAOM-D464_07,11GT FGH INLET HEATING WATER FLOW
552,11RCAOM-H251_01,11GT ON LINE WASHING TIME COUNT
553,11RCAOM-N451_01,11GT 2C COOLING AIR FLOW CONTROL VALVE MV
554,11RCAOM-N451_02,11GT 2C COOLING AIR TEMPERATURE
555,11RCAOM-N451_03,11GT COMPRESSOR #14 DISCHARGE AIR TEMPERATURE
556,11RCAOM-O451_01,11GT 480V AC MCC BUS VOLTAGE
557,11RCAOM-O451_02,11GT 480V AC ESSENTIAL MCC BUS VOLTAGE
558,11RCAOM-O451_03,11GT 110V DC BATTERY CHARGER #1 CURRENT
559,11RCAOM-O451_04,11GT 110V DC BATTERY CHARGER #2 CURRENT
560,11RCAOM-O451_05,11GT 110V DC DISTRIBUTION PANEL BUS VOLTAGE
561,11RCAOM-O451_06,11GT 110V DC BATTERY CHARGER #1 VOLTAGE
562,11RCAOM-O451_07,11GT 110V DC BATTERY CHARGER #2 VOLTAGE
563,11RCAOM-O451_08,11GT 220V AC UPS DISTRIBUTION PANEL BUS VOLTAGE
564,11RCAOM-O451_09,11GT 220V AC UPS DC INCOMER CURRENT
565,11RCAOM-O451_10,11GT 220V AC UPS DC INCOMER VOLTAGE
566,11RCAOM-O451_11,11GT 220V AC UPS OUTPUT CURRENT
567,11RCAOM-O451_12,11GT 220V AC UPS OUTPUT VOLTAGE
568,11RCAOM-O451_13,11GT 220V AC UPS BYPASS LINE CURRENT
569,11RCAOM-O451_14,11GT 220V AC UPS BYPASS LINE VOLTAGE
570,11RCDOG-A002_01,11GT OPERATION SELECT DCS
571,11RCDOG-A002_02,11GT OPERATION SELECT CCR (GT OPS)
572,11RCDOG-A002_03,11GT OPERATION SELECT LOCAL (GT OPS)
573,11RCDOG-A006_02,11GT START MODE SELECT SPIN
574,11RCDOG-A006_03,11GT START MODE SELECT NORMAL
575,11RCDOG-A006_04,11GT READY TO START
576,11RCDOG-A006_05,GT STARTED
577,11RCDOG-A012_01,11GT FUEL GAS SHUT OFF VALVE CLOSE
578,11RCDOG-A012_02,11GT FUEL GAS SHUT OFF VALVE OPEN
579,11RCDOG-A012_03,11GT FUEL GAS VENTILATION VALVE CLOSE
580,11RCDOG-A012_04,11GT FUEL GAS VENTILATION VALVE OPEN
581,11RCDOG-A017_01,11GT OPERATION MODE SELECT LOAD LIMIT
582,11RCDOG-A017_02,11GT OPERATION MODE SELECT LOAD GOV
583,11RCDOG-A023_01,11GT OVER SPEED TRIP TEST ON
584,11RCDOG-A023_02,11GT OVER SPEED TRIP TEST OFF
585,11RCDOG-A024_01,11GT ELECTRICAL OVER SPEED TRIP TEST ON
586,11RCDOG-A024_02,11GT ELECTRICAL OVER SPEED TRIP TEST OFF
587,11RCDOG-A024_03,11GT ELECTRICAL OVER BACK-UP SPEED TRIP CH-1 TEST
588,11RCDOG-A024_04,11GT ELECTRICAL OVER BACK-UP SPEED TRIP CH-2 TEST
589,11RCDOG-A024_05,11GT ELECTRICAL OVER BACK-UP SPEED TRIP CH-3 TEST
590,11RCDOG-A200_01,11GT AUX RTS
591,11RCDOG-A200_02,11GT AUX RUN
592,11RCDOG-A200_03,11GT IGV NORMAL CLOSE
593,11RCDOG-A200_04,11GT NORMAL START PERMISSIVE
594,11RCDOG-A200_05,11GT STARTING DEVICE READY TO START
595,11RCDOG-A200_06,11GT SPIN PERMISSIVE
596,11RCDOG-A201_01,11GT INLET AIR FILTER NORMAL
597,11RCDOG-A201_02,11GT GENERATOR READY
598,11RCDOG-A202_01,11GT CONTROL OIL RESERVOIR LEVEL LOW
599,11RCDOG-A203_01,11GT INSTRUMENT AIR SUPPLY PRESSURE NORMAL
600,11RCDOG-A204_01,11GT TRIP RESET (SPIN)
601,11RCDOG-A204_02,11GT RE START OK
602,11RCDOG-A204_03,11GT GENERATOR H2 GAS READY
603,11RCDOG-A205_01,11GT TRIP RESET (NORMAL)
604,11RCDOG-A205_02,11GT FLAME OFF
605,11RCDOG-A205_03,11GT CASING METAL DIFFERENTIAL TEMPERATURE OK (NORMAL)
606,11RCDOG-A205_04,11GT CASING METAL DIFFERENTIAL TEMPERATURE OK (SPIN)
607,11RCDOG-A206_01,11GT EXHAUST GAS DUCT DETECTOR READY
608,11RCDOG-A207_01,11GT FUEL GAS PRESSURE OK
609,11RCDOG-A207_02,11GT GAS CONTROL VALVE NORMAL
610,11RCDOG-A208_01,11GT STARTING DEVICE ON
611,11RCDOG-A208_02,11FLAME #2 ON
612,11RCDOG-A208_03,11FLAME #3 ON
613,11RCDOG-A208_04,11GT SFC ON REQUEST
614,11RCDOG-A208_05,11GT SFC OFF REQUEST
615,11RCDOG-A208_06,11GT SFC READY
616,11RCDOG-A208_07,11GT SFC ALARM
617,11RCDOG-A209_01,11GT RTD SPEED
618,11RCDOG-A209_02,11GT GENERATOR ON
619,11RCDOG-A209_04,11GT PURGING
620,11RCDOG-A210_01,11GT GOVERNOR CONTROL
621,11RCDOG-A210_02,11GT LOAD LIMIT CONTROL
622,11RCDOG-A210_03,11GT BLADE PATH TEMPERATURE CONTROL
623,11RCDOG-A210_04,11GT EXHAUST TEMPERATURE CONTROL
624,11RCDOG-A210_05,11GT FUEL LIMIT CONTROL
625,11RCDOG-A211_01,11GT FLAME 2A ON
626,11RCDOG-A211_02,11GT FLAME 2B ON
627,11RCDOG-A211_03,11GT FLAME 3A ON
628,11RCDOG-A211_04,11GT FLAME 3B ON
629,11RCDOG-A212_01,11GT OPERATION STOP (INDICATION)
630,11RCDOG-A213_01,11GT GAS ON
631,11RCDOG-A220_01,11GT FUEL GAS MAIN B FLOW CONTROL VALVE CLOSE
632,11RCDOG-A220_02,11GT FUEL GAS MAIN B FLOW CONTROL VALVE OPEN
633,11RCDOG-A220_03,11GT FUEL GAS PILOT FLOW CONTROL VALVE CLOSE
634,11RCDOG-A220_04,11GT FUEL GAS PILOT FLOW CONTROL VALVE OPEN
635,11RCDOG-A221_01,11GT FUEL GAS MAIN A FLOW CONTROL VALVE CLOSE
636,11RCDOG-A221_02,11GT FUEL GAS MAIN A FLOW CONTROL VALVE OPEN
637,11RCDOG-A221_03,11GT FUEL GAS SUPPLY PRESSURE CONTROL VALVE (A) CLOSE
638,11RCDOG-A221_04,11GT FUEL GAS SUPPLY PRESSURE CONTROL VALVE (A) OPEN
639,11RCDOG-A221_05,11GT FUEL GAS SUPPLY PRESSURE CONTROL VALVE (B) CLOSE
640,11RCDOG-A221_06,11GT FUEL GAS SUPPLY PRESSURE CONTROL VALVE (B) OPEN
641,11RCDOG-A221_07,11GT FUEL GAS TOPHAT FLOW CONTROL VALVE CLOSE
642,11RCDOG-A221_08,11GT FUEL GAS TOPHAT FLOW CONTROL VALVE OPEN
643,11RCDOG-A226_01,11GT GENERATOR POWER FACTOR LEAD
644,11RCDOG-A226_02,11GT GENERATOR POWER FACTOR LAG
645,11RCDOG-A226_04,11GT GENERATOR REMOTE DCS SELECT
646,11RCDOG-A226_05,11GTG REMOTE GTC SELECTED
647,11RCDOG-A227_03,11GT GEN SYN AUTO SELECTED
648,11RCDOG-A227_04,11GT GCP CONTROL REMOTE
649,11RCDOG-A227_05,11GT GCP CONTROL LOCAL
650,11RCDOG-A227_06,11GT GCB (52G) CLOSED
651,11RCDOG-A227_08,11GT GENERATOR FIELD CB (41E) CLOSE
652,11RCDOG-A227_09,11GT 154kV CB (52H) CLOSED
653,11RCDOG-A227_10,11GT GCB 52G SELECTED
654,11RCDOG-A227_11,11GT 154kV CB (52H) SELECTED
655,11RCDOG-A227_12,11GT GEN SYN OFF SELECTED
656,11RCDOG-A227_13,11GT GEN SYN MANUAL SELECTED
657,11RCDOG-A227_14,11GT ASS SYSTEM FAULT
658,11RCDOG-A227_15,11GT 52G CB CLOSE PERMIT
659,11RCDOG-A227_16,11GT 52G CB CLOSE RESET PERMIT
660,11RCDOG-A227_17,11GT 52H CB CLOSE PERMIT
661,11RCDOG-A227_18,11GT 52H CB CLOSE RESET PERMIT
662,11RCDOG-A228_01,11GT EXC MANUAL MODE
663,11RCDOG-A228_02,11GT EXC AUTO MODE
664,11RCDOG-A228_03,11GT PSS ON
665,11RCDOG-A228_04,11GT PSS OFF
666,11RCDOG-A228_05,11GT PSS LOCKED
667,11RCDOG-A228_06,11GT EXCITATION SYSTEM REMOTE MODE
668,11RCDOG-A228_07,11GT APFR ON
669,11RCDOG-A228_08,11GT APFR OFF
670,11RCDOG-A228_09,11GT APFR LOCKED
671,11RCDOG-A228_10,11GT AQR ON
672,11RCDOG-A228_11,11GT AQR OFF
673,11RCDOG-A228_12,11GT AQR LOCKED
674,11RCDOG-A228_13,11GT NGTR CLOSED STATUS
675,11RCDOG-A228_14,11GT NGTR OPENED STATUS
676,11RCDOG-A228_15,11GT GCB DS CLOSED STATUS
677,11RCDOG-A301_01,11GT COMPRESSOR LOW PRESSURE BLEED VALVE CLOSE
678,11RCDOG-A301_02,11GT COMPRESSOR LOW PRESSURE BLEED VALVE OPEN
679,11RCDOG-A302_01,11GT COMPRESSOR MIDDLE PRESSURE BLEED VALVE CLOSE
680,11RCDOG-A302_02,11GT COMPRESSOR MIDDLE PRESSURE BLEED VALVE OPEN
681,11RCDOG-A303_01,11GT COMPRESSOR HIGH PRESSURE BLEED VALVE CLOSE
682,11RCDOG-A303_02,11GT COMPRESSOR HIGH PRESSURE BLEED VALVE OPEN
683,11RCDOG-A333_01,11GT #1 BRG. BACK UP SEAL AIR SUPPLY VALVE CLOSE
684,11RCDOG-A333_02,11GT #1 BRG. BACK UP SEAL AIR SUPPLY VALVE OPEN
685,11RCDOG-A333_03,11GT #1 BRG. BACK UP SEAL AIR SUPPLY VALVE TIME OVER
686,11RCDOG-A333_04,11GT #1 BRG. SEAL AIR SHUT OFF VALVE CLOSE
687,11RCDOG-A333_05,11GT #1 BRG. SEAL AIR SHUT OFF VALVE OPEN
688,11RCDOG-A333_06,11GT #1 BRG. SEAL AIR SHUT OFF VALVE TIME OVER
689,11RCDOG-A501_01,11GT CONTROL OIL RETURN FILTER (A) DIFF PRESSURE HIGH(ALARM)
690,11RCDOG-A501_02,11GT CONTROL OIL RETURN FILTER (B) DIFF PRESSURE HIGH(ALARM)
691,11RCDOG-A501_03,11GT CONTROL OIL SUPPLY FILTER (A) DIFF PRESSURE HIGH(ALARM)
692,11RCDOG-A501_04,11GT CONTROL OIL SUPPLY FILTER (B) DIFF PRESSURE HIGH(ALARM)
693,11RCDOG-A501_05,11GT FUEL GAS INLET FILTER DIFFERENTIAL PRESSURE HIGH
694,11RCDOG-A501_06,11GT LUBE OIL FILTER DIFFERENTIAL PRESSURE HIGH
695,11RCDOG-A518_01,11GT FUEL GAS MAIN A FCV ACTUATOR FILTER DIFF PRESS HIGH
696,11RCDOG-A518_02,11GT FUEL GAS MAIN B FCV ACTUATOR FILTER DIFF PRESS HIGH
697,11RCDOG-A518_03,11GT FUEL GAS SUPPLY PCV (A) ACTUATOR FILTER DIFF PRESS HIGH
698,11RCDOG-A518_04,11GT FUEL GAS SUPPLY PCV (B) ACTUATOR FILTER DIFF PRESS HIGH
699,11RCDOG-A518_05,11GT FUEL GAS TOPHAT FCV ACTUATOR FILTER DIFF PRESS HIGH
700,11RCDOG-A518_06,11GT FUEL GAS PILOT FCV ACTUATOR FILTER DIFF PRESS HIGH
701,11RCDOG-A518_07,11GT IGV ACTUATOR FILTER DIFF PRESS HIGH
702,11RCDOG-B001_01,11GT SPEED-1 RANGE OVER
703,11RCDOG-B001_02,11GT SPEED-2 RANGE OVER
704,11RCDOG-B001_03,11GT SPEED-3 RANGE OVER
705,11RCDOG-E001_01,11GT SPSET INCREASE INHIBIT
706,11RCDOG-E001_02,11GT SPSET DECREASE INHIBIT
707,11RCDOG-E002_01,11GT LDSET INCREASE INHIBIT
708,11RCDOG-E002_02,11GT LDSET DECREASE INHIBIT
709,11RCDOG-E003_01,11GT ALR ON
710,11RCDOG-E003_02,11GT ALR OFF
711,11RCDOG-E003_03,11GT COORDINATION MODE ON
712,11RCDOG-E003_04,11GT COORDINATION MODE OFF
713,11RCDOG-E003_05,11GT ALR INCREASE INHIBIT
714,11RCDOG-E003_06,11GT ALR DECREASE INHIBIT
715,11RCDOG-E004_01,11GT ADVANCED CPFM AUTO ADJUST CONTROL ON
716,11RCDOG-E004_02,11GT ADVANCED CPFM AUTO ADJUST CONTROL OFF
717,11RCDOG-E004_03,11GT ADVANCED CPFM AUTO ADJUST CONTROL RDY START
718,11RCDOG-E004_04,11GT ADVANCED CPFM AUTO ADJUST CONTROL EXCL MODE
719,11RCDOG-E004_05,11GT ADVANCED CPFM AUTO ADJUST CONTROL GAS RESET
720,11RCDOG-E004_06,11GT ADVANCED CPFM AUTO ADJUST CONTROL GAS MARGIN LOW
721,11RCDOG-E004_07,11GT ADVANCED CPFM AUTO ADJUST CONTROL LOAD HOLD
722,11RCDOG-E005_01,11GT FUEL GAS CALORIE METER (A) OFF
723,11RCDOG-E005_02,11GT FUEL GAS CALORIE METER (A) ON
724,11RCDOG-E005_03,11GT FUEL GAS CALORIE METER (B) OFF
725,11RCDOG-E005_04,11GT FUEL GAS CALORIE METER (B) ON
726,11RCDOG-E008A_01,11GT 52G CB OPEN
727,11RCDOG-E009_02,11GT GENERATOR FIELD CB (41E) OPEN
728,11RCDOG-E009_03,11GT 41E CLOSE REQUEST
729,11RCDOG-E009_04,11GT 41E OPEN REQUEST
730,11RCDOG-E011_01,11GT GENERATOR VOLTAGE SETTER RAISE
731,11RCDOG-E011_02,11GT GENERATOR VOLTAGE SETTER LOWER
732,11RCDOG-E011_03,11GT AVR VOLT SET UP LIMIT
733,11RCDOG-E011_04,11GT AVR VOLT SET LOW LIMIT
734,11RCDOG-E012A_01,11GT GENERATOR AQR RAISE COMMAND
735,11RCDOG-E012A_02,11GT GENERATOR AQR LOWER COMMAND
736,11RCDOG-E012B_01,11GT GENERATOR APFR RAISE COMMAND
737,11RCDOG-E012B_02,11GT GENERATOR APFR LOWER COMMAND
738,11RCDOG-E013A_01,11GT SELECT COMMAND PB ON
739,11RCDOG-E013A_02,11GT SELECT PERMIT
740,11RCDOG-E013A_03,11GT #1 PRESELECT
741,11RCDOG-E013B_01,11GT SSD ALARM RESET PB ON
742,11RCDOG-E013C_01,11GT SES ALARM RESET PB ON
743,11RCDOG-E013D_01,11GT FORCED INITIAL PB ON
744,11RCDOG-E018_01,11GT FUEL GAS TEMPERATURE CONTROL VALVE CLOSE
745,11RCDOG-E018_02,11GT FUEL GAS TEMPERATURE CONTROL VALVE OPEN
746,11RCDOG-E020_01,11GT SPEED ABNORMAL RESET PB ON
747,11RCDOM-A605_01,11GT GEN LIQUID LEVEL DETECTOR HIGH ALARM
748,11RCDOM-A605_02,11GT GEN LIQUID LEVEL DETECTOR HIGH HIGH ALARM
749,11RCDOM-A605_03,11GT SEAL OIL LIQUID LEVEL DETECTOR HIGH ALARM
750,11RCDOM-A605_04,11GT COMMON TROUBLE ALARM H2 GAS DRYER
751,11RCDOM-A605_05,11GT EXCITATION ALARM
752,11RCDOM-A606_01,11GT H2 & SEAL OIL DIFFERENTIAL PRESSURE A OR B LOW
753,11RCDOM-A606_02,11GT GEN GAS PRESS HIGH
754,11RCDOM-A606_03,11GT GEN GAS PRESS LOW
755,11RCDOM-A606_04,11GT SEAL OIL PUMP DISCHARGE PRESSURE LOW
756,11RCDOM-A606_05,11GT COMMON TROUBLE ALARM H2 GAS CONTROL CABINET
757,11RCDOM-A606_06,"11GT SEAL OIL FILTER DIFFERENTIAL PRESSURE SWITCH, HIGH ALARM"
758,11RCDOM-A606_07,"11GT JACKING OIL PUMP SUCTION PRESSURE SWITCH, LOW ALARM"
759,11RCDOM-A606_08,11GT JACKING OIL PUMP DISCHARGE PRESSURE SWITCH-COLLECTOR END
760,11RCDOM-A606_09,11GT JACKING OIL PUMP DISCHARGE PRESSURE SWITCH-TURBINE END
761,11RCDOM-A606_10,"11GT SEAL OIL PUMP DISCHARGE PRESSURE SWITCH,LOW-LOW ALARM"
762,11RCDOM-A608_01,11GT GENERATOR TERMINAL ENCLOSURE HEATER POWER ABNORMAL
763,11RCDOM-A608_02,11GT GENERATOR TERMINAL ENCLOSURE HEATER FAULT
764,11RCDOM-A608_03,11GT GENERATOR TERMINAL ENCLOSURE HEATER ON
765,11RCDOM-A608_04,11GT GENERATOR TERMINAL ENCLOSURE HEATER OFF
766,11RCDOM-A608_05,11GT GENERATOR TERMINAL ENCLOSURE HEATER REMOTE
767,11RCDOM-A608_06,11GT JACKING OIL PUMP POWER ABNORMAL
768,11RCDOM-A608_07,11GT JACKING OIL PUMP FAULT
769,11RCDOM-A608_08,11GT JACKING OIL PUMP RUN
770,11RCDOM-A608_09,11GT JACKING OIL PUMP STOP
771,11RCDOM-A608_10,11GT JACKING OIL PUMP REMOTE
772,11RCDOM-A608_11,11GT MAIN SEAL OIL PUMP (A) POWER ABNORMAL
773,11RCDOM-A608_12,11GT MAIN SEAL OIL PUMP (A) FAULT
774,11RCDOM-A608_13,11GT GENERATOR TERMINAL ENCLOSURE HEATER TIME OVER
775,11RCDOM-A608_14,11GT GENERATOR TERMINAL ENCLOSURE HEATER MANUAL
776,11RCDOM-A608_15,11GT JACKING OIL PUMP TIME OVER
777,11RCDOM-A608_16,11GT JACKING OIL PUMP MANUAL
778,11RCDOM-A608_17,11GT MAIN SEAL OIL PUMP (A) TIME OVER
779,11RCDOM-A608_18,11GT MAIN SEAL OIL PUMP (A) MANUAL
780,11RCDOM-A608_19,11GT MAIN SEAL OIL PUMP (B) TIME OVER
781,11RCDOM-A608_20,11GT MAIN SEAL OIL PUMP (B) MANUAL
782,11RCDOM-A609_01,11GT MAIN SEAL OIL PUMP (B) POWER ABNORMAL
783,11RCDOM-A609_02,11GT MAIN SEAL OIL PUMP (B) FAULT
784,11RCDOM-A609_03,11GT MAIN SEAL OIL PUMP (A) RUN
785,11RCDOM-A609_04,11GT MAIN SEAL OIL PUMP (A) STOP
786,11RCDOM-A609_05,11GT MAIN SEAL OIL PUMP (B) RUN
787,11RCDOM-A609_06,11GT MAIN SEAL OIL PUMP (B) STOP
788,11RCDOM-A609_07,11GT MAIN SEAL OIL PUMP (A) REMOTE
789,11RCDOM-A609_08,11GT MAIN SEAL OIL PUMP (B) REMOTE
790,11RCDOM-A609_09,11GT EMERGENCY SEAL OIL PUMP AUTO
791,11RCDOM-A609_10,11GT EMERGENCY SEAL OIL PUMP POWER ABNORMAL
792,11RCDOM-A609_12,11GT EMERGENCY SEAL OIL PUMP STOP
793,11RCDOM-A609_13,11GT EMERGENCY SEAL OIL PUMP RUN
794,11RCDOM-A609_14,11GT SPACE HEATER IN GENERATOR (TE) POWER ABNORMAL
795,11RCDOM-A609_15,11GT SPACE HEATER IN GENERATOR (TE) FAULT
796,11RCDOM-A609_16,11GT SPACE HEATER IN GENERATOR (TE) ON
797,11RCDOM-A609_17,11GT SPACE HEATER IN GENERATOR (TE) OFF
798,11RCDOM-A609_18,11GT SPACE HEATER IN GENERATOR (TE) REMOTE
799,11RCDOM-A609_19,11GT SPACE HEATER IN GENERATOR (CE) POWER ABNORMAL
800,11RCDOM-A609_20,11GT SPACE HEATER IN GENERATOR (CE) FAULT
801,11RCDOM-A609_21,11GT SPACE HEATER IN GENERATOR (CE) ON
802,11RCDOM-A609_22,11GT SPACE HEATER IN GENERATOR (CE) OFF
803,11RCDOM-A609_23,11GT SPACE HEATER IN GENERATOR (CE) REMOTE
804,11RCDOM-A609_24,11GT SPACE HEATER IN GENERATOR (TE) TIME OVER
805,11RCDOM-A609_25,11GT SPACE HEATER IN GENERATOR (TE) MANUAL
806,11RCDOM-A609_26,11GT SPACE HEATER IN GENERATOR (CE) TIME OVER
807,11RCDOM-A609_27,11GT SPACE HEATER IN GENERATOR (CE) MANUAL
808,11RCDOM-B452_01,11GT LUBE OIL TEMPERATURE CONTROL VALVE CLOSE
809,11RCDOM-B452_02,11GT LUBE OIL TEMPERATURE CONTROL VALVE OPEN
810,11RCDOM-B452_03,11GT LUBE OIL TEMPERATURE CONTROL VALVE MANUAL
811,11RCDOM-B602_02,11GT IGNITER AVAIL
812,11RCDOM-B602_03,11GT LUBE OIL SUPPLY PRESSURE OK
813,11RCDOM-B602_04,11GT CONTROL OIL SUPPLY PRESSURE OK
814,11RCDOM-B602_05,11GT LUBE OIL RESERVOIR LEVEL LOW
815,11RCDOM-B602_06,11GT LUBE OIL RESERVOIR LEVEL HIGH
816,11RCDOM-B602_07,11GT CONTROL OIL CLEANING UNIT RUN
817,11RCDOM-B602_08,11GT CONTROL OIL CLEANING UNIT STOP
818,11RCDOM-B602_09,11GT CONTROL OIL CLEANING UNIT TIME OVER
819,11RCDOM-B602_10,11GT CONTROL OIL CLEANING UNIT POWER ABNORMAL
820,11RCDOM-B602_11,11GT CONTROL OIL CLEANING UNIT FAULT
821,11RCDOM-B602_12,11GT CONTROL OIL CLEANING UNIT REMOTE
822,11RCDOM-B602_13,11GT CONTROL OIL CLEANING UNIT MANUAL
823,11RCDOM-B603_01,11GT MAIN LUBE OIL PUMP (A) RUN
824,11RCDOM-B603_02,11GT MAIN LUBE OIL PUMP (A) STOP
825,11RCDOM-B603_03,11GT MAIN LUBE OIL PUMP (A) TIME OVER
826,11RCDOM-B603_04,11GT MAIN LUBE OIL PUMP (A) POWER ABNORMAL
827,11RCDOM-B603_05,11GT MAIN LUBE OIL PUMP (A) FAULT
828,11RCDOM-B603_06,11GT MAIN LUBE OIL PUMP (A) REMOTE
829,11RCDOM-B603_07,11GT MAIN LUBE OIL PUMP (B) RUN
830,11RCDOM-B603_08,11GT MAIN LUBE OIL PUMP (B) STOP
831,11RCDOM-B603_09,11GT MAIN LUBE OIL PUMP (B) TIME OVER
832,11RCDOM-B603_10,11GT MAIN LUBE OIL PUMP (B) POWER ABNORMAL
833,11RCDOM-B603_11,11GT MAIN LUBE OIL PUMP (B) FAULT
834,11RCDOM-B603_12,11GT MAIN LUBE OIL PUMP (B) REMOTE
835,11RCDOM-B603_13,11GT EMERGENCY LUBE OIL PUMP RUN
836,11RCDOM-B603_14,11GT EMERGENCY LUBE OIL PUMP STOP
837,11RCDOM-B603_15,11GT EMERGENCY LUBE OIL PUMP POWER ABNORMAL
838,11RCDOM-B603_16,11GT EMERGENCY LUBE OIL PUMP FAULT
839,11RCDOM-B603_17,11GT EMERGENCY LUBE OIL PUMP REMOTE
840,11RCDOM-B603_18,11GT TURNING MOTOR RUN
841,11RCDOM-B603_19,11GT TURNING MOTOR STOP
842,11RCDOM-B603_20,11GT TURNING MOTOR TIME OVER
843,11RCDOM-B603_21,11GT TURNING MOTOR POWER ABNORMAL
844,11RCDOM-B603_22,11GT TURNING MOTOR FAULT
845,11RCDOM-B603_23,11GT TURNING MOTOR REMOTE
846,11RCDOM-B603_24,11GT MAIN LUBE OIL PUMP (A) MANUAL
847,11RCDOM-B603_25,11GT MAIN LUBE OIL PUMP (B) MANUAL
848,11RCDOM-B603_26,11GT TURNING MOTOR MANUAL
849,11RCDOM-B603_27,11GT EMERGENCY LUBE OIL PUMP MANUAL
850,11RCDOM-B604_01,11GT LUBE OIL MIST VAPOR EXTRACTOR (A) RUN
851,11RCDOM-B604_02,11GT LUBE OIL MIST VAPOR EXTRACTOR (A) STOP
852,11RCDOM-B604_03,11GT LUBE OIL MIST VAPOR EXTRACTOR (A) TIME OVER
853,11RCDOM-B604_04,11GT LUBE OIL MIST VAPOR EXTRACTOR (A) POWER ABNORMAL
854,11RCDOM-B604_05,11GT LUBE OIL MIST VAPOR EXTRACTOR (A) FAULT
855,11RCDOM-B604_06,11GT LUBE OIL MIST VAPOR EXTRACTOR (A) REMOTE
856,11RCDOM-B604_07,11GT LUBE OIL MIST VAPOR EXTRACTOR (B) RUN
857,11RCDOM-B604_08,11GT LUBE OIL MIST VAPOR EXTRACTOR (B) STOP
858,11RCDOM-B604_09,11GT LUBE OIL MIST VAPOR EXTRACTOR (B) TIME OVER
859,11RCDOM-B604_10,11GT LUBE OIL MIST VAPOR EXTRACTOR (B) POWER ABNORMAL
860,11RCDOM-B604_11,11GT LUBE OIL MIST VAPOR EXTRACTOR (B) FAULT
861,11RCDOM-B604_12,11GT LUBE OIL MIST VAPOR EXTRACTOR (B) REMOTE
862,11RCDOM-B604_13,11GT CONTROL OIL PUMP (A) RUN
863,11RCDOM-B604_14,11GT CONTROL OIL PUMP (A) STOP
864,11RCDOM-B604_15,11GT CONTROL OIL PUMP (A) TIME OVER
865,11RCDOM-B604_16,11GT CONTROL OIL PUMP (A) POWER ABNORMAL
866,11RCDOM-B604_17,11GT CONTROL OIL PUMP (A) FAULT
867,11RCDOM-B604_18,11GT CONTROL OIL PUMP (A) REMOTE
868,11RCDOM-B604_19,11GT CONTROL OIL PUMP (B) RUN
869,11RCDOM-B604_20,11GT CONTROL OIL PUMP (B) STOP
870,11RCDOM-B604_21,11GT CONTROL OIL PUMP (B) TIME OVER
871,11RCDOM-B604_22,11GT CONTROL OIL PUMP (B) POWER ABNORMAL
872,11RCDOM-B604_23,11GT CONTROL OIL PUMP (B) FAULT
873,11RCDOM-B604_24,11GT CONTROL OIL PUMP (B) REMOTE
874,11RCDOM-B604_25,11GT LUBE OIL MIST VAPOR EXTRACTOR (A) MANUAL
875,11RCDOM-B604_26,11GT LUBE OIL MIST VAPOR EXTRACTOR (B) MANUAL
876,11RCDOM-B604_27,11GT CONTROL OIL PUMP (A) MANUAL
877,11RCDOM-B604_28,11GT CONTROL OIL PUMP (B) MANUAL
878,11RCDOM-B604_29,11GT IGNITER MANUAL
879,11RCDOM-B605_01,11GT IGNITER ON
880,11RCDOM-B605_02,11GT IGNITER OFF
881,11RCDOM-B605_03,11GT IGNITER TIME OVER
882,11RCDOM-B605_04,11GT IGNITER POWER ABNORMAL
883,11RCDOM-B605_05,11GT IGNITER FAULT
884,11RCDOM-B605_06,11GT IGNITER REMOTE
885,11RCDOM-B605_07,11GT ENCLOSURE VENTILATION FAN (A) RUN
886,11RCDOM-B605_08,11GT ENCLOSURE VENTILATION FAN (A) STOP
887,11RCDOM-B605_09,11GT ENCLOSURE VENTILATION FAN (A) TIME OVER
888,11RCDOM-B605_10,11GT ENCLOSURE VENTILATION FAN (A) POWER ABNORMAL
889,11RCDOM-B605_11,11GT ENCLOSURE VENTILATION FAN (A) FAULT
890,11RCDOM-B605_12,11GT ENCLOSURE VENTILATION FAN (A) REMOTE
891,11RCDOM-B605_13,11GT ENCLOSURE VENTILATION FAN (B) RUN
892,11RCDOM-B605_14,11GT ENCLOSURE VENTILATION FAN (B) STOP
893,11RCDOM-B605_15,11GT ENCLOSURE VENTILATION FAN (B) TIME OVER
894,11RCDOM-B605_16,11GT ENCLOSURE VENTILATION FAN (B) POWER ABNORMAL
895,11RCDOM-B605_17,11GT ENCLOSURE VENTILATION FAN (B) FAULT
896,11RCDOM-B605_18,11GT ENCLOSURE VENTILATION FAN (B) REMOTE
897,11RCDOM-B605_19,11GT ENCLOSURE VENTILATION FAN (C) RUN
898,11RCDOM-B605_20,11GT ENCLOSURE VENTILATION FAN (C) STOP
899,11RCDOM-B605_21,11GT ENCLOSURE VENTILATION FAN (C) TIME OVER
900,11RCDOM-B605_22,11GT ENCLOSURE VENTILATION FAN (C) POWER ABNORMAL
901,11RCDOM-B605_23,11GT ENCLOSURE VENTILATION FAN (C) FAULT
902,11RCDOM-B605_24,11GT ENCLOSURE VENTILATION FAN (C) REMOTE
903,11RCDOM-B605_25,11GT ENCLOSURE VENTILATION FAN (A) MANUAL
904,11RCDOM-B605_26,11GT ENCLOSURE VENTILATION FAN (B) MANUAL
905,11RCDOM-B605_27,11GT ENCLOSURE VENTILATION FAN (C) MANUAL
906,11RCDOM-B607_01,11GT FUEL GAS UNIT VENTILATION FAN (A) RUN
907,11RCDOM-B607_02,11GT FUEL GAS UNIT VENTILATION FAN (A) STOP
908,11RCDOM-B607_03,11GT FUEL GAS UNIT VENTILATION FAN (A) TIME OVER
909,11RCDOM-B607_04,11GT FUEL GAS UNIT VENTILATION FAN (A) POWER ABNORMAL
910,11RCDOM-B607_05,11GT FUEL GAS UNIT VENTILATION FAN (A) FAULT
911,11RCDOM-B607_06,11GT FUEL GAS UNIT VENTILATION FAN (A) REMOTE
912,11RCDOM-B607_07,11GT FUEL GAS UNIT VENTILATION FAN (B) RUN
913,11RCDOM-B607_08,11GT FUEL GAS UNIT VENTILATION FAN (B) STOP
914,11RCDOM-B607_09,11GT FUEL GAS UNIT VENTILATION FAN (B) TIME OVER
915,11RCDOM-B607_10,11GT FUEL GAS UNIT VENTILATION FAN (B) POWER ABNORMAL
916,11RCDOM-B607_11,11GT FUEL GAS UNIT VENTILATION FAN (B) FAULT
917,11RCDOM-B607_12,11GT FUEL GAS UNIT VENTILATION FAN (B) REMOTE
918,11RCDOM-B607_13,11GT CONTROL OIL HEATER ON
919,11RCDOM-B607_14,11GT CONTROL OIL HEATER OFF
920,11RCDOM-B607_15,11GT CONTROL OIL HEATER TIME OVER
921,11RCDOM-B607_16,11GT CONTROL OIL HEATER POWER ABNORMAL
922,11RCDOM-B607_17,11GT CONTROL OIL HEATER FAULT
923,11RCDOM-B607_18,11GT CONTROL OIL HEATER REMOTE
924,11RCDOM-B607_19,11GT LUBE OIL HEATER ON
925,11RCDOM-B607_20,11GT LUBE OIL HEATER OFF
926,11RCDOM-B607_21,11GT LUBE OIL HEATER TIME OVER
927,11RCDOM-B607_22,11GT LUBE OIL HEATER POWER ABNORMAL
928,11RCDOM-B607_23,11GT LUBE OIL HEATER FAULT
929,11RCDOM-B607_24,11GT LUBE OIL HEATER REMOTE
930,11RCDOM-B607_25,11GT CONTROL OIL HEATER MANUAL
931,11RCDOM-B607_26,11GT FUEL GAS UNIT VENTILATION FAN (A) MANUAL
932,11RCDOM-B607_27,11GT FUEL GAS UNIT VENTILATION FAN (B) MANUAL
933,11RCDOM-B607_28,11GT LUBE OIL HEATER MANUAL
934,11RCDOM-C152_01,11GT CASING COOLING SYSTEM INTERLOCK CONDITION
935,11RCDOM-C152_02,11GT CASING COOLING SYSTEM INTERLOCK RESET
936,11RCDOM-C601_01,11GT CASING COOLING AIR FAN INLET FILTER DIFF PRESS HI ALARM
937,11RCDOM-C601_02,11GT CASING COOLING AIR FAN RUN
938,11RCDOM-C601_03,11GT CASING COOLING AIR FAN STOP
939,11RCDOM-C601_04,11GT CASING COOLING AIR FAN TIME OVER
940,11RCDOM-C601_05,11GT CASING COOLING AIR FAN POWER ABNORMAL
941,11RCDOM-C601_06,11GT CASING COOLING AIR FAN FAULT
942,11RCDOM-C601_07,11GT CASING COOLING AIR FAN REMOTE
943,11RCDOM-C601_08,11GT CASING COOLING AIR FAN INLET DAMPER CLOSE
944,11RCDOM-C601_09,11GT CASING COOLING AIR FAN INLET DAMPER OPEN
945,11RCDOM-C601_10,11GT CASING COOLING AIR SHUT OFF VALVE CLOSE
946,11RCDOM-C601_11,11GT CASING COOLING AIR SHUT OFF VALVE OPEN
947,11RCDOM-C601_12,11GT CASING COOLING AIR SHUT OFF VALVE TIME OVER
948,11RCDOM-C601_13,11GT CASING COOLING AIR SUPPLY VALVE CLOSE
949,11RCDOM-C601_14,11GT CASING COOLING AIR SUPPLY VALVE OPEN
950,11RCDOM-C601_15,11GT CASING COOLING AIR SUPPLY VALVE TIME OVER
951,11RCDOM-C601_16,11GT CASING COOLING AIR FAN INLET DAMPER MANUAL
952,11RCDOM-C601_17,11GT CASING COOLING AIR DRAIN VALVE CLOSE
953,11RCDOM-C601_18,11GT CASING COOLING AIR DRAIN VALVE OPEN
954,11RCDOM-C601_19,11GT CASING COOLING AIR DRAIN VALVE TIME OVER
955,11RCDOM-D601_01,11GT TCA COOLER CONDITION ESTABLISH
956,11RCDOM-D601_02,11GT FUEL GAS HEATER CONDITION ESTABLISH
957,11RCDOM-D601_03,11GT FGH HEATING WATER VENT VALVE TIME OVER
958,11RCDOM-D601_04,11GT FGH HEATING WATER VENT VALVE MANUAL
959,11RCDOM-D601_05,GT FUEL GAS LEAK CHAMBER LEVEL < LOW ALARM SET
960,11RCDOM-D602_01,11GT TCA COOLER DRAIN LEVEL HIGH
961,11RCDOM-D602_02,11GT COOLING AIR COOLER DRAIN VALVE (A) CLOSE
962,11RCDOM-D602_03,11GT COOLING AIR COOLER DRAIN VALVE (A) OPEN
963,11RCDOM-D602_04,11GT COOLING AIR COOLER DRAIN VALVE (A) TIME OVER
964,11RCDOM-D602_05,11GT COOLING AIR COOLER DRAIN VALVE (B) CLOSE
965,11RCDOM-D602_06,11GT COOLING AIR COOLER DRAIN VALVE (B) OPEN
966,11RCDOM-D602_07,11GT COOLING AIR COOLER DRAIN VALVE (B) TIME OVER
967,11RCDOM-D602_08,11GT TCA COOLER WATER SHUT OFF VALVE (A) CLOSE
968,11RCDOM-D602_09,11GT TCA COOLER WATER SHUT OFF VALVE (A) OPEN
969,11RCDOM-D602_10,11GT TCA COOLER WATER SHUT OFF VALVE (A) TIME OVER
970,11RCDOM-D602_11,11GT TCA COOLER WATER SHUT OFF VALVE (B) CLOSE
971,11RCDOM-D602_12,11GT TCA COOLER WATER SHUT OFF VALVE (B) OPEN
972,11RCDOM-D602_13,11GT TCA COOLER WATER SHUT OFF VALVE (B) TIME OVER
973,11RCDOM-D602_14,11GT TCA COOLER FEED WATER FCV (ST B/D TANK SIDE) CLOSE
974,11RCDOM-D602_15,11GT TCA COOLER FEED WATER FCV (ST B/D TANK SIDE) OPEN
975,11RCDOM-D602_16,11GT TCA COOLER FEED WATER FCV (HRSG SIDE) CLOSE
976,11RCDOM-D602_17,11GT TCA COOLER FEED WATER FCV (HRSG SIDE) OPEN
977,11RCDOM-D602_18,11HP ECO. INLET MODULATING VALVE CLOSE
978,11RCDOM-D602_19,11HP ECO. INLET MODULATING VALVE OPEN
979,11RCDOM-D602_20,11TCA COOLER WATER SHUT OFF VALVE (B) MANUAL
980,11RCDOM-D602_21,11TCA COOLER FEED WATER FCV (ST B/D TANK SIDE) MANUAL
981,11RCDOM-D602_22,11TCA COOLER FEED WATER FCV (HRSG SIDE) MANUAL
982,11RCDOM-D602_23,11HP ECO.INLET MODULATING VALVE MANUAL
983,11RCDOM-D602_24,11GT FGH OUTLET FEED WATER CHAMBER VENT VALVE CLOSE
984,11RCDOM-D602_25,11GT FGH OUTLET FEED WATER CHAMBER VENT VALVE OPEN
985,11RCDOM-D603_01,11GT FUEL GAS HEATER (A) DRAIN LEVEL HIGH
986,11RCDOM-D603_02,11GT FUEL GAS HEATER (B) DRAIN LEVEL HIGH
987,11RCDOM-D603_03,11GT FG EMERGENCY SHUT-OFF VALVE CLOSE
988,11RCDOM-D603_04,11GT FG EMERGENCY SHUT-OFF VALVE OPEN
989,11RCDOM-D603_05,11GT FG EMERGENCY SHUT-OFF VALVE TIME OVER
990,11RCDOM-D603_06,11GT FG EMERGENCY VENT VALVE CLOSE
991,11RCDOM-D603_07,11GT FG EMERGENCY VENT VALVE OPEN
992,11RCDOM-D603_08,11GT FG EMERGENCY VENT VALVE TIME OVER
993,11RCDOM-D603_09,11GT FGH HEATING WATER FCV (ST B/D TANK SIDE) CLOSE
994,11RCDOM-D603_10,11GT FGH HEATING WATER FCV (ST B/D TANK SIDE) OPEN
995,11RCDOM-D603_11,11GT FGH HEATING WATER FCV (HRSG SIDE) CLOSE
996,11RCDOM-D603_12,11GT FGH HEATING WATER FCV (HRSG SIDE) OPEN
997,11RCDOM-D603_13,11GT FGH INLET ISOLATION VALVE (A) CLOSE
998,11RCDOM-D603_14,11GT FGH INLET ISOLATION VALVE (A) OPEN
999,11RCDOM-D603_15,11GT FGH INLET ISOLATION VALVE (A) TIME OVER
1000,11RCDOM-D603_16,11GT FGH INLET ISOLATION VALVE (B) CLOSE
1001,11RCDOM-D603_17,11GT FGH INLET ISOLATION VALVE (B) OPEN
1002,11RCDOM-D603_18,11GT FGH INLET ISOLATION VALVE (B) TIME OVER
1003,11RCDOM-D603_19,11GT FGH HEATING WATER FLOW CV (HRSG SIDE) MANUAL
1004,11RCDOM-D603_20,11GT FGH HEATING WATER FCV (ST B/D TANK SIDE) MANUAL
1005,11RCDOM-D603_21,11GT FG EMERGENCY VENT VALVE MANUAL
1006,11RCDOM-D603_22,11GT FG EMERGENCY SHUT-OFF VALVE MANUAL
1007,11RCDOM-D603_23,11GT FGH INLET ISOLATION VALVE (B) MANUAL
1008,11RCDOM-H251_01,11GT ON-LINE WASHING SEQUENCE START
1009,11RCDOM-H251_02,11GT ON-LINE WASHING SEQUENCE STOP
1010,11RCDOM-H251_03,11GT ON-LINE WASHING SEQUENCE RTS
1011,11RCDOM-H251_04,11GT OFF-LINE WASHING MODE ON
1012,11RCDOM-H251_05,11GT OFF-LINE WASHING MODE OFF
1013,11RCDOM-H251_06,11GT OFF-LINE WASHING MODE AVAIL
1014,11RCDOM-H452_01,11GT COMPRESSOR ON LINE WASHING WATER SUPPLY VALVE CLOSE
1015,11RCDOM-H452_02,11GT COMPRESSOR ON LINE WASHING WATER SUPPLY VALVE OPEN
1016,11RCDOM-H452_03,11GT COMPRESSOR ON LINE WASHING WATER SUPPLY VALVE TIME OVER
1017,11RCDOM-H452_04,11GT COMPRESSOR BLADE WASHING PUMP RUN
1018,11RCDOM-H452_05,11GT COMPRESSOR BLADE WASHING PUMP STOP
1019,11RCDOM-I451_01,11GT FUEL GAS PILOT NOZZLE PURGE AIR SUPPLY VALVE CLOSE
1020,11RCDOM-I451_02,11GT FUEL GAS PILOT NOZZLE PURGE AIR SUPPLY VALVE OPEN
1021,11RCDOM-I451_03,11GT FUEL GAS PILOT NOZZLE PURGE AIR SUPPLY VALVE TIME OVER
1022,11RCDOM-I451_04,11GT FUEL GAS MAIN A NOZZLE PURGE AIR SUPPLY VALVE CLOSE
1023,11RCDOM-I451_05,11GT FUEL GAS MAIN A NOZZLE PURGE AIR SUPPLY VALVE OPEN
1024,11RCDOM-I451_06,11GT FUEL GAS MAIN A NOZZLE PURGE AIR SUPPLY VALVE TIME OVER
1025,11RCDOM-I451_07,11GT FUEL GAS MAIN B NOZZLE PURGE AIR SUPPLY VALVE CLOSE
1026,11RCDOM-I451_08,11GT FUEL GAS MAIN B NOZZLE PURGE AIR SUPPLY VALVE OPEN
1027,11RCDOM-I451_09,11GT FUEL GAS MAIN B NOZZLE PURGE AIR SUPPLY VALVE TIME OVER
1028,11RCDOM-I451_10,11GT FUEL GAS TOPHAT NOZZLE PURGE AIR SUPPLY VALVE CLOSE
1029,11RCDOM-I451_11,11GT FUEL GAS TOPHAT NOZZLE PURGE AIR SUPPLY VALVE OPEN
1030,11RCDOM-I451_12,11GT FUEL GAS TOPHAT NOZZLE PURGE AIR SUPPLY VALVE TIME OVER
1031,11RCDOM-I452_01,11GT FUEL GAS NOZZLE PURGE AIR SHUT OFF VALVE CLOSE
1032,11RCDOM-I452_02,11GT FUEL GAS NOZZLE PURGE AIR SHUT OFF VALVE OPEN
1033,11RCDOM-I452_03,11GT FUEL GAS NOZZLE PURGE AIR SHUT OFF VALVE TIME OVER
1034,11RCDOM-I452_04,11GT FUEL GAS NOZZLE PURGE AIR VENT VALVE CLOSE
1035,11RCDOM-I452_05,11GT FUEL GAS NOZZLE PURGE AIR VENT VALVE OPEN
1036,11RCDOM-I452_06,11GT FUEL GAS NOZZLE PURGE AIR VENT VALVE TIME OVER
1037,11RCDOM-N451_01,11GT 2C COOLING AIR FLOW CONTROL VALVE OPEN
1038,11RCDOM-N451_02,11GT 2C COOLING AIR FLOW CONTROL VALVE CLOSE
